"filename", "language", "XML", "Java", "C++", "Makefile", "JSON", "Markdown", "comment", "blank", "total"
"/home/spl211/Downloads/SPL_hw3/README.md", "Markdown", 0, 0, 0, 0, 0, 2, 0, 1, 3
"/home/spl211/Downloads/SPL_hw3/client/data/events1.json", "JSON", 0, 0, 0, 0, 96, 0, 0, 2, 98
"/home/spl211/Downloads/SPL_hw3/client/data/events1_partial.json", "JSON", 0, 0, 0, 0, 29, 0, 0, 0, 29
"/home/spl211/Downloads/SPL_hw3/client/data/events2.json", "JSON", 0, 0, 0, 0, 96, 0, 0, 2, 98
"/home/spl211/Downloads/SPL_hw3/client/data/events3.json", "JSON", 0, 0, 0, 0, 0, 0, 0, 1, 1
"/home/spl211/Downloads/SPL_hw3/client/include/ConnectionHandler.h", "C++", 0, 0, 27, 0, 0, 0, 14, 19, 60
"/home/spl211/Downloads/SPL_hw3/client/include/InputProtocol.h", "C++", 0, 0, 21, 0, 0, 0, 0, 8, 29
"/home/spl211/Downloads/SPL_hw3/client/include/StompFrame.h", "C++", 0, 0, 28, 0, 0, 0, 1, 5, 34
"/home/spl211/Downloads/SPL_hw3/client/include/StompProtocol.h", "C++", 0, 0, 44, 0, 0, 0, 1, 4, 49
"/home/spl211/Downloads/SPL_hw3/client/include/event.h", "C++", 0, 0, 40, 0, 0, 0, 10, 8, 58
"/home/spl211/Downloads/SPL_hw3/client/include/json.hpp", "C++", 0, 0, 17345, 0, 0, 0, 4321, 2975, 24641
"/home/spl211/Downloads/SPL_hw3/client/makefile", "Makefile", 0, 0, 0, 20, 0, 0, 0, 11, 31
"/home/spl211/Downloads/SPL_hw3/client/src/ConnectionHandler.cpp", "C++", 0, 0, 110, 0, 0, 0, 5, 18, 133
"/home/spl211/Downloads/SPL_hw3/client/src/InputProtocol.cpp", "C++", 0, 0, 286, 0, 0, 0, 1, 18, 305
"/home/spl211/Downloads/SPL_hw3/client/src/StompClient.cpp", "C++", 0, 0, 50, 0, 0, 0, 15, 9, 74
"/home/spl211/Downloads/SPL_hw3/client/src/StompFrame.cpp", "C++", 0, 0, 179, 0, 0, 0, 0, 17, 196
"/home/spl211/Downloads/SPL_hw3/client/src/StompProtocol.cpp", "C++", 0, 0, 169, 0, 0, 0, 11, 24, 204
"/home/spl211/Downloads/SPL_hw3/client/src/event.cpp", "C++", 0, 0, 271, 0, 0, 0, 3, 34, 308
"/home/spl211/Downloads/SPL_hw3/client/trash/echoClient.cpp", "C++", 0, 0, 40, 0, 0, 0, 13, 7, 60
"/home/spl211/Downloads/SPL_hw3/server/pom.xml", "XML", 15, 0, 0, 0, 0, 0, 0, 0, 15
"/home/spl211/Downloads/SPL_hw3/server/server.iml", "XML", 15, 0, 0, 0, 0, 0, 0, 0, 15
"/home/spl211/Downloads/SPL_hw3/server/src/main/java/bgu/spl/net/api/MessageEncoderDecoder.java", "Java", 0, 5, 0, 0, 0, 0, 13, 5, 23
"/home/spl211/Downloads/SPL_hw3/server/src/main/java/bgu/spl/net/api/MessagingProtocol.java", "Java", 0, 5, 0, 0, 0, 0, 8, 4, 17
"/home/spl211/Downloads/SPL_hw3/server/src/main/java/bgu/spl/net/api/StompMessagingProtocol.java", "Java", 0, 9, 0, 0, 0, 0, 6, 5, 20
"/home/spl211/Downloads/SPL_hw3/server/src/main/java/bgu/spl/net/impl/rci/Command.java", "Java", 0, 5, 0, 0, 0, 0, 0, 4, 9
"/home/spl211/Downloads/SPL_hw3/server/src/main/java/bgu/spl/net/impl/rci/ObjectEncoderDecoder.java", "Java", 0, 63, 0, 0, 0, 0, 2, 15, 80
"/home/spl211/Downloads/SPL_hw3/server/src/main/java/bgu/spl/net/impl/rci/RCIClient.java", "Java", 0, 39, 0, 0, 0, 0, 0, 10, 49
"/home/spl211/Downloads/SPL_hw3/server/src/main/java/bgu/spl/net/impl/rci/RemoteCommandInvocationProtocol.java", "Java", 0, 17, 0, 0, 0, 0, 0, 8, 25
"/home/spl211/Downloads/SPL_hw3/server/src/main/java/bgu/spl/net/impl/stomp/ConnectionsImpl.java", "Java", 0, 201, 0, 0, 0, 0, 1, 18, 220
"/home/spl211/Downloads/SPL_hw3/server/src/main/java/bgu/spl/net/impl/stomp/LineMessageEncoderDecoder.java", "Java", 0, 31, 0, 0, 0, 0, 4, 10, 45
"/home/spl211/Downloads/SPL_hw3/server/src/main/java/bgu/spl/net/impl/stomp/StompCommand.java", "Java", 0, 27, 0, 0, 0, 0, 0, 8, 35
"/home/spl211/Downloads/SPL_hw3/server/src/main/java/bgu/spl/net/impl/stomp/StompFrame.java", "Java", 0, 119, 0, 0, 0, 0, 29, 25, 173
"/home/spl211/Downloads/SPL_hw3/server/src/main/java/bgu/spl/net/impl/stomp/StompHeader.java", "Java", 0, 38, 0, 0, 0, 0, 2, 10, 50
"/home/spl211/Downloads/SPL_hw3/server/src/main/java/bgu/spl/net/impl/stomp/StompMessagingProtocolImpl.java", "Java", 0, 117, 0, 0, 0, 0, 1, 24, 142
"/home/spl211/Downloads/SPL_hw3/server/src/main/java/bgu/spl/net/impl/stomp/StompServer.java", "Java", 0, 28, 0, 0, 0, 0, 0, 11, 39
"/home/spl211/Downloads/SPL_hw3/server/src/main/java/bgu/spl/net/srv/ActorThreadPool.java", "Java", 0, 66, 0, 0, 0, 0, 0, 13, 79
"/home/spl211/Downloads/SPL_hw3/server/src/main/java/bgu/spl/net/srv/BaseServer.java", "Java", 0, 54, 0, 0, 0, 0, 0, 19, 73
"/home/spl211/Downloads/SPL_hw3/server/src/main/java/bgu/spl/net/srv/BlockingConnectionHandler.java", "Java", 0, 50, 0, 0, 0, 0, 0, 13, 63
"/home/spl211/Downloads/SPL_hw3/server/src/main/java/bgu/spl/net/srv/ConnectionHandler.java", "Java", 0, 6, 0, 0, 0, 0, 13, 6, 25
"/home/spl211/Downloads/SPL_hw3/server/src/main/java/bgu/spl/net/srv/Connections.java", "Java", 0, 17, 0, 0, 0, 0, 0, 16, 33
"/home/spl211/Downloads/SPL_hw3/server/src/main/java/bgu/spl/net/srv/NonBlockingConnectionHandler.java", "Java", 0, 109, 0, 0, 0, 0, 4, 19, 132
"/home/spl211/Downloads/SPL_hw3/server/src/main/java/bgu/spl/net/srv/Reactor.java", "Java", 0, 118, 0, 0, 0, 0, 2, 31, 151
"/home/spl211/Downloads/SPL_hw3/server/src/main/java/bgu/spl/net/srv/Server.java", "Java", 0, 30, 0, 0, 0, 0, 37, 10, 77
"/home/spl211/Downloads/SPL_hw3/server/target/classes/bgu/spl/net/api/MessageEncoderDecoder.class", "Java", 0, 4, 0, 0, 0, 0, 0, 0, 4
"/home/spl211/Downloads/SPL_hw3/server/target/classes/bgu/spl/net/api/MessagingProtocol.class", "Java", 0, 3, 0, 0, 0, 0, 0, 1, 4
"/home/spl211/Downloads/SPL_hw3/server/target/classes/bgu/spl/net/api/StompMessagingProtocol.class", "Java", 0, 4, 0, 0, 0, 0, 0, 0, 4
"/home/spl211/Downloads/SPL_hw3/server/target/classes/bgu/spl/net/impl/rci/Command.class", "Java", 0, 3, 0, 0, 0, 0, 0, 1, 4
"/home/spl211/Downloads/SPL_hw3/server/target/classes/bgu/spl/net/impl/rci/ObjectEncoderDecoder.class", "Java", 0, 40, 0, 0, 0, 0, 0, 0, 40
"/home/spl211/Downloads/SPL_hw3/server/target/classes/bgu/spl/net/impl/rci/RCIClient.class", "Java", 0, 27, 0, 0, 0, 0, 0, 0, 27
"/home/spl211/Downloads/SPL_hw3/server/target/classes/bgu/spl/net/impl/rci/RemoteCommandInvocationProtocol.class", "Java", 0, 13, 0, 0, 0, 0, 0, 0, 13
"/home/spl211/Downloads/SPL_hw3/server/target/classes/bgu/spl/net/impl/stomp/ConnectionsImpl.class", "Java", 0, 44, 0, 0, 0, 0, 0, 0, 44
"/home/spl211/Downloads/SPL_hw3/server/target/classes/bgu/spl/net/impl/stomp/LineMessageEncoderDecoder.class", "Java", 0, 23, 0, 0, 0, 0, 3, 0, 26
"/home/spl211/Downloads/SPL_hw3/server/target/classes/bgu/spl/net/impl/stomp/StompCommand.class", "Java", 0, 27, 0, 0, 0, 0, 0, 0, 27
"/home/spl211/Downloads/SPL_hw3/server/target/classes/bgu/spl/net/impl/stomp/StompFrame.class", "Java", 0, 50, 0, 0, 0, 0, 0, 0, 50
"/home/spl211/Downloads/SPL_hw3/server/target/classes/bgu/spl/net/impl/stomp/StompHeader.class", "Java", 0, 31, 0, 0, 0, 0, 0, 0, 31
"/home/spl211/Downloads/SPL_hw3/server/target/classes/bgu/spl/net/impl/stomp/StompMessagingProtocolImpl.class", "Java", 0, 70, 0, 0, 0, 0, 0, 0, 70
"/home/spl211/Downloads/SPL_hw3/server/target/classes/bgu/spl/net/impl/stomp/StompServer.class", "Java", 0, 31, 0, 0, 0, 0, 0, 0, 31
"/home/spl211/Downloads/SPL_hw3/server/target/classes/bgu/spl/net/srv/ActorThreadPool.class", "Java", 0, 30, 0, 0, 0, 0, 0, 0, 30
"/home/spl211/Downloads/SPL_hw3/server/target/classes/bgu/spl/net/srv/BaseServer.class", "Java", 0, 39, 0, 0, 0, 0, 0, 0, 39
"/home/spl211/Downloads/SPL_hw3/server/target/classes/bgu/spl/net/srv/BlockingConnectionHandler.class", "Java", 0, 28, 0, 0, 0, 0, 0, 0, 28
"/home/spl211/Downloads/SPL_hw3/server/target/classes/bgu/spl/net/srv/ConnectionHandler.class", "Java", 0, 5, 0, 0, 0, 0, 0, 0, 5
"/home/spl211/Downloads/SPL_hw3/server/target/classes/bgu/spl/net/srv/Connections.class", "Java", 0, 6, 0, 0, 0, 0, 0, 0, 6
"/home/spl211/Downloads/SPL_hw3/server/target/classes/bgu/spl/net/srv/NonBlockingConnectionHandler.class", "Java", 0, 49, 0, 0, 0, 0, 0, 0, 49
"/home/spl211/Downloads/SPL_hw3/server/target/classes/bgu/spl/net/srv/Reactor.class", "Java", 0, 89, 0, 0, 0, 0, 0, 0, 89
"/home/spl211/Downloads/SPL_hw3/server/target/classes/bgu/spl/net/srv/Server$1.class", "Java", 0, 20, 0, 0, 0, 0, 0, 0, 20
"/home/spl211/Downloads/SPL_hw3/server/target/classes/bgu/spl/net/srv/Server.class", "Java", 0, 10, 0, 0, 0, 0, 0, 0, 10
"/home/spl211/Downloads/SPL_hw3/server/trash/echo/EchoClient.java", "Java", 0, 29, 0, 0, 0, 0, 1, 9, 39
"/home/spl211/Downloads/SPL_hw3/server/trash/echo/EchoProtocol.java", "Java", 0, 20, 0, 0, 0, 0, 0, 7, 27
"/home/spl211/Downloads/SPL_hw3/server/trash/echo/EchoServer.java", "Java", 0, 11, 0, 0, 0, 0, 7, 6, 24
"/home/spl211/Downloads/SPL_hw3/server/trash/newsfeed/FetchNewsCommand.java", "Java", 0, 13, 0, 0, 0, 0, 0, 7, 20
"/home/spl211/Downloads/SPL_hw3/server/trash/newsfeed/NewsFeed.java", "Java", 0, 22, 0, 0, 0, 0, 0, 7, 29
"/home/spl211/Downloads/SPL_hw3/server/trash/newsfeed/NewsFeedClientMain.java", "Java", 0, 40, 0, 0, 0, 0, 1, 14, 55
"/home/spl211/Downloads/SPL_hw3/server/trash/newsfeed/NewsFeedServerMain.java", "Java", 0, 14, 0, 0, 0, 0, 7, 6, 27
"/home/spl211/Downloads/SPL_hw3/server/trash/newsfeed/PublishNewsCommand.java", "Java", 0, 16, 0, 0, 0, 0, 0, 6, 22
"Total", "-", 30, 1965, 18610, 20, 221, 2, 4536, 3511, 28895